index,typeID,size,attribute,minValue,maxValue,defaultValue,name
1,0,1,18,0,1,0,sweep_test_mothed
3,0,1,19,0,1,0,sweep_inj_B_enable
12,0,1,25,0,1,0,vol_dyn_ctrl_cfg_func_en
15,0,1,17,0,1,0,gear_dyn_gain_en
78,0,1,22,0,1,0,mag0_noise_large_flag
79,0,1,22,0,1,0,mag1_noise_large_flag
80,0,1,22,0,1,0,mag2_noise_large_flag
92,0,1,23,0,1,0,cfg_ACTUATOR_1_reverse
99,0,1,23,0,1,0,cfg_ACTUATOR_2_reverse
106,0,1,23,0,1,0,cfg_ACTUATOR_3_reverse
113,0,1,23,0,1,0,cfg_ACTUATOR_4_reverse
120,0,1,23,0,1,0,cfg_ACTUATOR_5_reverse
127,0,1,23,0,1,0,cfg_ACTUATOR_6_reverse
134,0,1,23,0,1,0,cfg_ACTUATOR_7_reverse
141,0,1,23,0,1,0,cfg_ACTUATOR_8_reverse
151,0,1,27,0,1,0,user_test_esc_factory_test
174,0,1,20,0,1,0,single_side_comp_en
179,0,1,25,0,1,0,enable_sdk_lost_strategy
181,0,1,27,0,1,0,enable_push_mission_status
213,0,1,19,0,1,0,dynamic_cfg_enable
215,0,1,24,0,1,0,avoid_cfg_config_enable
234,0,1,21,0,1,0,tracking_low_bat_act
235,0,1,21,0,1,0,pointing_low_bat_act
236,0,1,12,0,1,0,auth_enable
242,0,1,25,0,1,0,enable_new_smart_battery
246,0,1,24,0,1,0,bat_enable_cap2_protect
247,0,1,37,0,1,0,bat_enable_smart_bat_landing_protect
251,0,1,35,0,1,0,imu_propeller_cali_flag_for_gimbal
252,0,1,21,0,1,0,enable_multiple_mode
263,0,1,23,0,1,0,navi_data_gyro_comp_en
280,0,1,29,0,1,0,low_vel_enhance_brake_enable
292,0,1,15,0,1,0,rc_lost_enable
295,0,1,22,0,1,0,wristband_lost_enable
296,0,1,10,0,1,0,is_locked
297,0,1,15,0,1,0,multi_esc_type
308,0,1,7,0,1,0,enable
309,0,1,22,0,1,0,single_freq_detect_on
310,0,1,36,0,1,0,start_motor_before_fc_active_enable
318,0,1,23,0,1,0,g_config.farm.set_pt_a
319,0,1,23,0,1,0,g_config.farm.set_pt_b
323,0,1,27,0,1,0,g_status.farm.clear_AB_msg
325,0,1,43,0,1,0,g_config.farm.assit_mode_unlock_yaw_enable
326,0,1,16,0,1,0,farm_trace_mode
329,0,1,35,0,1,0,g_status.farm.app_stop_motor_start
330,0,1,22,0,1,0,farm_mis_finished_act
390,0,1,15,0,1,0,motor_fdi_open
391,0,1,18,0,1,0,motor_kf_fdi_open
392,0,1,19,0,1,0,motor_rls_fdi_open
393,0,1,19,0,1,0,motor_esc_fdi_open
394,0,1,20,0,1,0,motor_ctrl_fdi_open
396,0,1,22,0,1,0,esc_ppm_recv_fdi_open
400,0,1,17,0,1,0,geo_mag_fdi_open
403,0,1,40,0,1,0,g_config.fdi_open.ctrl_vibrate_fdi_open
404,0,1,19,0,1,0,acc_multi_fdi_open
405,0,1,20,0,1,0,gyro_multi_fdi_open
406,0,1,20,0,1,0,baro_multi_fdi_open
408,0,1,19,0,1,0,gps_multi_fdi_open
409,0,1,18,0,1,0,ns_multi_fdi_open
410,0,1,20,0,1,0,ns_multi_w_fdi_open
411,0,1,21,0,1,0,ns_multi_ag_fdi_open
412,0,1,21,0,1,0,ns_multi_vg_fdi_open
413,0,1,23,0,1,0,ns_multi_alti_fdi_open
414,0,1,22,0,1,0,ns_multi_pos_fdi_open
415,0,1,24,0,1,0,ns_multi_eular_fdi_open
416,0,1,24,0,1,0,imu_module_install_open
417,0,1,17,0,1,0,mag_dis_stop_fly
418,0,1,16,0,1,0,fit_test_enable
419,0,1,27,0,1,0,g_config.fdi_open.fit_open
420,0,1,38,0,1,0,g_config.fdi_open.without_gps_allowed
421,0,1,38,0,1,0,g_config.fdi_open.without_mag_allowed
423,0,1,24,0,1,0,auto_echo_function_open
424,0,1,26,0,1,0,ultrasonic_stuck_fdi_open
429,0,1,27,0,1,0,vo_fdi_open_height_consist
430,0,1,25,0,1,0,g_config.fdi_switch.open
436,0,1,35,0,1,0,g_config.fdi_switch.ns.random_test
441,0,1,40,0,1,0,g_config.fdi_switch.compass.random_test
446,0,1,36,0,1,0,g_config.fdi_switch.gps.random_test
451,0,1,37,0,1,0,g_config.fdi_switch.baro.random_test
456,0,1,36,0,1,0,g_config.fdi_switch.acc.random_test
461,0,1,37,0,1,0,g_config.fdi_switch.gyro.random_test
465,0,1,43,0,1,0,g_config.flying_limit.radius_limit_enabled
473,0,1,18,0,1,0,hit_ground_enable
481,0,1,32,0,1,0,without_avoid_ground_by_app_req
482,0,1,48,0,1,0,g_config.flying_limit.sport_avoid_ground_enable
531,0,1,20,0,1,0,tempvar_switch_gear
533,0,1,11,0,1,0,intel_gear
534,0,1,16,0,1,0,gear_protect_en
535,0,1,13,0,1,0,gear_pack_en
536,0,1,13,0,1,0,hide_gear_en
537,0,1,21,0,1,0,near_ground_reminder
541,0,1,42,0,1,0,gimbal_to_center_enable_gear_auto_showing
568,0,1,22,0,1,0,miss_rtk_use_rtk_data
569,0,1,14,0,1,0,rtk_exit_type
578,0,1,22,0,1,0,soar_detection_enable
581,0,1,22,0,1,0,hotpoint_auto_recover
582,0,1,13,0,1,0,limit_height
658,0,1,41,0,1,0,imu_adv_func_vo_vel_with_large_tilt_deny
659,0,1,40,0,1,0,imu_adv_func_vo_vel_strong_outlier_deny
660,0,1,33,0,1,0,imu_adv_func_vo_vel_with_3m_deny
661,0,1,35,0,1,0,imu_adv_func_vo_vel_pg_flag_couple
665,0,1,57,0,1,0,g_config.imu_para_cfg.imu_adv_func.fusion_switch_gnss_vv
671,0,1,59,0,1,0,g_config.imu_para_cfg.imu_adv_func.fusion_switch_rtks_hp_p
672,0,1,59,0,1,0,g_config.imu_para_cfg.imu_adv_func.fusion_switch_rtks_hp_s
673,0,1,57,0,1,0,g_config.imu_para_cfg.imu_adv_func.fusion_switch_rtks_hv
674,0,1,59,0,1,0,g_config.imu_para_cfg.imu_adv_func.fusion_switch_rtks_vp_p
675,0,1,59,0,1,0,g_config.imu_para_cfg.imu_adv_func.fusion_switch_rtks_vp_s
676,0,1,57,0,1,0,g_config.imu_para_cfg.imu_adv_func.fusion_switch_rtks_vv
677,0,1,58,0,1,0,g_config.imu_para_cfg.imu_adv_func.fusion_switch_rtks_yaw
703,0,1,16,0,1,0,cfg_func_enable
709,0,1,23,0,1,0,adjust_gain_when_start
710,0,1,22,0,1,0,not_normal_stop_motor
711,0,1,14,0,1,0,is_old_p4_mag
713,0,1,17,0,1,0,auto_cali_enable
715,0,1,39,0,1,0,g_config.misc_cfg.follow_gimbal_yaw_en
716,0,1,24,0,1,0,follow_gimbal_yaw_sport
717,0,1,33,0,1,0,follow_gimbal_yaw_with_offset_en
718,0,1,47,0,1,0,g_config.misc_cfg.follow_gimbal_yaw_when_watch
719,0,1,39,0,1,0,g_config.misc_cfg.quick_circle_auto_en
720,0,1,41,0,1,0,g_config.misc_cfg.quick_circle_manual_en
721,0,1,20,0,1,0,quick_circle_enable
723,0,1,37,0,1,0,g_config.misc_cfg.gimbal_priority_en
726,0,1,21,0,1,0,gimbal_atti_limit_en
730,0,1,14,0,1,0,mounting_type
732,0,1,20,0,1,0,fsm_no_gnd_state_en
733,0,1,30,0,1,0,compass_imu_misalign_check_en
734,0,1,28,0,1,0,hit_ground_adj_comp_fltr_en
735,0,1,32,0,1,0,rc_pause_emergency_brake_enable
828,0,1,31,0,1,0,g_config.mr_ctrl.prop_cover_en
830,0,1,28,0,1,0,prop_cover_detection_enable
833,0,1,18,0,1,0,notch_fltr_enable
844,0,1,24,0,1,0,mass_center_need_recali
845,0,1,23,0,1,0,mass_center_calibrated
851,0,1,20,0,1,0,novice_func_enabled
863,0,1,14,0,1,0,hil_mode_flag
864,0,1,12,0,1,0,hil_rc_type
866,0,1,19,0,1,0,force_open_bat_sim
878,0,1,20,0,1,0,tripod_func_enabled
880,0,1,19,0,1,0,tripod_atti_enable
926,0,1,19,0,1,0,enable_motor_debug
934,0,1,29,0,1,0,temp_ctl_0_temp_coef_cali_en
946,0,1,29,0,1,0,temp_ctl_1_temp_coef_cali_en
947,0,1,24,0,1,0,temp_ctl_1_temp_ctrl_en
958,0,1,29,0,1,0,temp_ctl_2_temp_coef_cali_en
970,0,1,27,0,1,0,wp_one_key_stop_con_fly_en
972,0,1,25,0,1,0,multi_vert_ctrl_type_en
973,0,1,22,0,1,0,wp_ref_h_ctrl_enable
994,0,1,11,0,1,0,cmd_enable
995,0,1,13,0,1,0,input_enable
996,0,1,19,0,1,0,auto_set_hp_enable
997,0,1,13,0,1,0,limit_enable
1012,0,1,21,0,1,0,SIM_FLY_LIMIT_ENABLE
1017,0,1,20,0,1,0,mass_est_cali_start
1040,0,1,16,0,1,0,sim_wall_enable
1047,0,1,30,0,1,0,simulator_gyro_acc_use_filter
1049,0,1,28,0,1,0,g_cfg_debug.overshot_enable
1051,0,1,20,0,1,0,check_config_module
1068,0,1,29,0,1,0,g_cfg_debug.app_enter_sports
1082,0,1,16,0,1,0,product_type_en
1084,0,1,34,0,1,0,motor_fail_for_mission_degrade_en
1087,0,1,25,0,1,0,force_adsb_action_enable
1106,0,1,25,0,1,0,plant_gain_detect_enable
1148,0,1,7,0,1,0,R_RC_A
1149,0,1,7,0,1,0,R_RC_E
1150,0,1,7,0,1,0,R_RC_T
1151,0,1,7,0,1,0,R_RC_R
1152,0,1,7,0,1,0,R_RC_U
1153,0,1,16,0,1,0,R_RC_U_FAILSAFE
1154,0,1,10,0,1,0,R_RC_GEAR
1155,0,1,20,0,1,0,R_RC_GO_HOME_SQUARE
1156,0,1,20,0,1,0,R_RC_GO_HOME_SWITCH
1157,0,1,20,0,1,0,R_RC_EMERGENCY_MODE
1158,0,1,20,0,1,0,R_RC_EMERGENCY_STOP
1159,0,1,16,0,1,0,R_RC_PAUSE_STOP
1160,0,1,9,0,1,0,R_RC_IOC
1161,0,1,8,0,1,0,R_RC_K1
1162,0,1,8,0,1,0,R_RC_K2
1163,0,1,8,0,1,0,R_RC_K3
1164,0,1,8,0,1,0,R_RC_K4
1165,0,1,8,0,1,0,R_RC_K5
1166,0,1,8,0,1,0,R_RC_K6
1167,0,1,8,0,1,0,R_RC_D1
1168,0,1,8,0,1,0,R_RC_D2
1169,0,1,8,0,1,0,R_RC_D3
1170,0,1,8,0,1,0,R_RC_D4
1171,0,1,8,0,1,0,R_RC_D5
1172,0,1,8,0,1,0,R_RC_D6
1173,0,1,8,0,1,0,R_RC_D7
1174,0,1,8,0,1,0,R_RC_D8
1175,0,1,15,0,1,0,R_RC_FARM_LEFT
1176,0,1,16,0,1,0,R_RC_FARM_RIGHT
1177,0,1,16,0,1,0,R_RC_FARM_SET_A
1178,0,1,16,0,1,0,R_RC_FARM_SET_B
1179,0,1,17,0,1,0,R_RC_FARM_SET_AB
1180,0,1,23,0,1,0,R_RC_FARM_MANUAL_SPRAY
1181,0,1,21,0,1,0,R_RC_FARM_FLOW_SPEED
1182,0,1,15,0,1,0,R_RC_FARM_MODE
1183,0,1,8,0,1,0,R_RC_C1
1184,0,1,22,0,1,0,R_RC_START_STOP_MOTOR
1185,0,1,16,0,1,0,R_RC_FARM_FRONT
1186,0,1,15,0,1,0,R_RC_FARM_BACK
1187,0,1,12,0,1,0,R_RC_CAMERA
1193,0,1,25,0,1,0,RC_EMERGENCY_STOP_ENABLE
1194,0,1,21,0,1,0,RC_STOP_CHECK_ENABLE
1219,0,1,18,0,1,0,sequence_start_en
1241,0,1,29,0,1,0,smart_landing_by_1860_enable
1242,0,1,30,0,1,0,multi_low_limit_height_enable
1243,0,1,34,0,1,0,ctrl_gimbal_pitch_to_horiz_enable
1247,0,1,24,0,1,0,go_home_when_running_gs
1251,0,1,21,0,1,0,close_go_home_enable
1253,0,1,27,0,1,0,wm100_close_go_home_enable
1256,0,1,19,0,1,0,rtk_go_home_enable
1257,0,1,25,0,1,0,cur_height_gohome_enable
1259,0,1,22,0,1,0,vision_go_home_enable
1261,0,1,29,0,1,0,force_ascending_align_enable
1276,0,1,20,0,1,0,wp2_continue_to_wp0
1277,0,1,13,0,1,0,auto_recover
1279,0,1,18,0,1,0,auto_gimbal_pitch
1283,0,1,22,0,1,0,follow_me_with_rc_cmd
1284,0,1,14,0,1,0,test_yaw_mode
1285,0,1,23,0,1,0,on_hand_takeoff_enable
650,8,4,30,0,1,0,baro_cfg_acc_bias_baro_i_gain
1030,11,1,18,0,1,0,fan_freq_guard_en
1060,1,2,21,0,255,0,general_debug_flag_0
1061,1,2,21,0,255,0,general_debug_flag_1
1062,1,2,21,0,255,0,general_debug_flag_2
1063,1,2,21,0,255,0,general_debug_flag_3
17,0,1,30,0,255,0,g_status.acc_gyro[0].cali_cnt
19,0,1,32,0,255,0,g_status.acc_gyro[0].temp_ready
20,0,1,30,0,255,0,g_status.acc_gyro[1].cali_cnt
22,0,1,32,0,255,0,g_status.acc_gyro[1].temp_ready
23,0,1,30,0,255,0,g_status.acc_gyro[2].cali_cnt
25,0,1,32,0,255,0,g_status.acc_gyro[2].temp_ready
26,0,1,36,0,255,0,g_status.all_gyr_acc.need_cali_type
27,0,1,38,0,255,0,g_status.all_gyr_acc.msc_sampled_side
28,0,1,38,0,255,0,g_status.all_gyr_acc.msc_current_side
29,0,1,30,0,255,0,g_status.all_gyr_acc.cali_cnt
34,0,1,39,0,255,0,g_status.mag_adv_cali_status[0].status
35,0,1,37,0,255,0,g_status.mag_adv_cali_status[0].item
37,0,1,39,0,255,0,g_status.mag_adv_cali_status[1].status
38,0,1,37,0,255,0,g_status.mag_adv_cali_status[1].item
40,0,1,39,0,255,0,g_status.mag_adv_cali_status[2].status
41,0,1,37,0,255,0,g_status.mag_adv_cali_status[2].item
42,0,1,32,0,255,0,g_status.have_mag_adv_para_flag
43,0,1,24,0,255,0,esc_Mx_connect_status_0
44,0,1,24,0,255,0,esc_Mx_connect_status_1
45,0,1,24,0,255,0,esc_Mx_connect_status_2
46,0,1,24,0,255,0,esc_Mx_connect_status_3
47,0,1,24,0,255,0,esc_Mx_connect_status_4
48,0,1,24,0,255,0,esc_Mx_connect_status_5
49,0,1,24,0,255,0,esc_Mx_connect_status_6
50,0,1,24,0,255,0,esc_Mx_connect_status_7
51,0,1,24,0,255,0,g_status.exgps0_hw_type
52,0,1,24,0,255,0,g_status.exgps1_hw_type
53,0,1,24,0,255,0,g_status.exgps2_hw_type
57,0,1,32,0,255,0,g_config.fdi_sensor[0].acc_stat
58,0,1,32,0,255,0,g_config.fdi_sensor[0].gyr_stat
59,0,1,32,0,255,0,g_config.fdi_sensor[0].mag_stat
63,0,1,32,0,255,0,g_config.fdi_sensor[1].acc_stat
64,0,1,32,0,255,0,g_config.fdi_sensor[1].gyr_stat
65,0,1,32,0,255,0,g_config.fdi_sensor[1].mag_stat
69,0,1,32,0,255,0,g_config.fdi_sensor[2].acc_stat
70,0,1,32,0,255,0,g_config.fdi_sensor[2].gyr_stat
71,0,1,32,0,255,0,g_config.fdi_sensor[2].mag_stat
86,0,1,46,0,255,0,g_status.battery.raw_info.capacity_percentage
237,0,1,9,0,255,0,sop_type
311,0,1,38,0,255,0,start_motor_before_fc_active_left_num
708,0,1,14,0,255,0,need_cur_cali
927,0,1,16,0,255,0,stop_motor_bits
1008,0,1,14,0,255,0,imu_bias_flag
1016,0,1,18,0,255,0,mass_est_err_code
1023,0,1,20,0,255,0,fan_speed_lvl0_duty
1029,0,1,14,0,255,0,fan_ctrl_type
1072,0,1,20,0,255,0,wp_setting_yaw_mode
1074,0,1,29,0,255,0,wp_setting_action_on_rc_lost
1118,0,1,6,0,255,0,map_0
1119,0,1,6,0,255,0,map_1
1120,0,1,6,0,255,0,map_2
1121,0,1,6,0,255,0,map_3
1122,0,1,6,0,255,0,map_4
1123,0,1,6,0,255,0,map_5
1124,0,1,6,0,255,0,map_6
1125,0,1,6,0,255,0,map_7
1126,0,1,6,0,255,0,map_8
1127,0,1,6,0,255,0,map_9
1128,0,1,7,0,255,0,map_10
1129,0,1,7,0,255,0,map_11
1130,0,1,7,0,255,0,map_12
1131,0,1,7,0,255,0,map_13
1132,0,1,7,0,255,0,map_14
1133,0,1,7,0,255,0,map_15
1134,0,1,7,0,255,0,map_16
1135,0,1,7,0,255,0,map_17
1136,0,1,7,0,255,0,map_18
1137,0,1,7,0,255,0,map_19
1138,0,1,7,0,255,0,map_20
1139,0,1,7,0,255,0,map_21
1140,0,1,7,0,255,0,map_22
1141,0,1,7,0,255,0,map_23
1142,0,1,7,0,255,0,map_24
1143,0,1,7,0,255,0,map_25
1144,0,1,7,0,255,0,map_26
1145,0,1,7,0,255,0,map_27
1146,0,1,7,0,255,0,map_28
1147,0,1,7,0,255,0,map_29
18,4,1,27,0,127,0,g_status.acc_gyro[0].state
21,4,1,27,0,127,0,g_status.acc_gyro[1].state
24,4,1,27,0,127,0,g_status.acc_gyro[2].state
30,4,1,32,0,127,0,g_status.all_gyr_acc.cali_state
54,8,4,32,0,10000,0,g_config.fdi_sensor[0].acc_bias
55,8,4,32,0,10000,0,g_config.fdi_sensor[0].gyr_bias
56,8,4,32,0,10000,0,g_config.fdi_sensor[0].mag_over
60,8,4,32,0,10000,0,g_config.fdi_sensor[1].acc_bias
61,8,4,32,0,10000,0,g_config.fdi_sensor[1].gyr_bias
62,8,4,32,0,10000,0,g_config.fdi_sensor[1].mag_over
66,8,4,32,0,10000,0,g_config.fdi_sensor[2].acc_bias
67,8,4,32,0,10000,0,g_config.fdi_sensor[2].gyr_bias
68,8,4,32,0,10000,0,g_config.fdi_sensor[2].mag_over
72,8,4,16,0,10000,0,mag0_mod_stdvar
73,8,4,16,0,10000,0,mag1_mod_stdvar
74,8,4,16,0,10000,0,mag2_mod_stdvar
75,8,4,9,0,10000,0,mag0_mod
76,8,4,9,0,10000,0,mag1_mod
77,8,4,9,0,10000,0,mag2_mod
81,1,2,21,0,65535,0,g_status.ns_busy_dev
82,8,4,51,0,1000000000,0,g_status.user_info.statistical_info.total_distance
83,8,4,59,0,1000000000,0,g_status.user_info.statistical_info.total_motor_start_time
84,8,4,56,0,1000000000,0,g_status.user_info.statistical_info_last.total_distance
85,8,4,64,0,1000000000,0,g_status.user_info.statistical_info_last.total_motor_start_time
96,1,2,24,0,10000,0,cfg_ACTUATOR_1_zero_pos
103,1,2,24,0,10000,0,cfg_ACTUATOR_2_zero_pos
110,1,2,24,0,10000,0,cfg_ACTUATOR_3_zero_pos
117,1,2,24,0,10000,0,cfg_ACTUATOR_4_zero_pos
124,1,2,24,0,10000,0,cfg_ACTUATOR_5_zero_pos
131,1,2,24,0,10000,0,cfg_ACTUATOR_6_zero_pos
138,1,2,24,0,10000,0,cfg_ACTUATOR_7_zero_pos
145,1,2,24,0,10000,0,cfg_ACTUATOR_8_zero_pos
248,1,2,15,0,65535,0,lowest_voltage
331,2,4,13,0,4294967295,0,typical_case
815,5,2,28,0,10,0,vert_acc_output_lower_limit
928,4,1,15,0,0,0,temp_ctl_0_idx
1000,9,8,13,0,10,0,waypoint_lon
1001,9,8,13,0,10,0,waypoint_lat
1004,1,2,23,0,65535,0,waypoint_wp_mission_id
1114,8,4,21,0,500,0,farm_total_fly_miles
1115,8,4,22,0,500,0,farm_total_spray_area
1116,8,4,20,0,500,0,farm_total_fly_area
1223,8,4,42,0,100,0,g_config.takeoff.auto_takeoff_finish_time
0,0,1,16,0,17,0,sweep_test_flag
33,0,1,40,0,100,0,g_status.mag_adv_cali_status[0].process
36,0,1,40,0,100,0,g_status.mag_adv_cali_status[1].process
39,0,1,40,0,100,0,g_status.mag_adv_cali_status[2].process
87,0,1,29,0,127,0,imu_app_temp_cali.start_flag
88,0,1,33,0,127,0,g_cfg_debug.imu_cali_state[1][1]
89,0,1,33,0,127,0,g_cfg_debug.imu_cali_state[2][1]
175,0,1,8,0,2,0,hw_port
180,0,1,18,0,3,0,sdk_lost_strategy
183,0,1,18,0,5,0,sdk_data_type_acc
184,0,1,19,0,5,0,sdk_data_type_gyro
185,0,1,19,0,5,0,sdk_data_type_alti
187,0,1,14,0,5,0,pos_data_type
188,0,1,14,0,6,0,sdk_timestamp
189,0,1,6,0,6,0,sdk_q
190,0,1,15,0,6,0,sdk_acc_ground
191,0,1,15,0,6,0,sdk_vel_ground
192,0,1,16,0,6,0,sdk_angular_vel
193,0,1,8,0,6,0,sdk_pos
194,0,1,15,0,6,0,sdk_widget_gps
195,0,1,15,0,6,0,sdk_widget_rtk
196,0,1,8,0,6,0,sdk_mag
197,0,1,7,0,6,0,sdk_rc
198,0,1,13,0,6,0,sdk_gimbal_q
199,0,1,15,0,6,0,sdk_fly_status
200,0,1,14,0,6,0,sdk_bat_level
201,0,1,16,0,6,0,sdk_ctrl_device
202,0,1,15,0,6,0,std_msg_frq_14
203,0,1,15,0,6,0,std_msg_frq_15
208,0,1,11,0,2,0,avoid_type
222,0,1,16,0,100,0,dji_bat_level_1
223,0,1,16,0,100,0,dji_bat_level_2
224,0,1,21,0,10,0,bat_cap_v1_prot_type
229,0,1,19,0,2,0,bat_level_1_action
230,0,1,19,0,2,0,bat_level_2_action
232,0,1,28,0,100,0,level1_smart_battert_gohome
233,0,1,26,0,100,0,level2_smart_battert_land
239,0,1,19,0,100,0,emergency_capacity
249,0,1,19,0,8,0,imu_propeller_cali
250,0,1,21,0,8,0,imu_propeller_circle
320,0,1,21,0,3,0,farm_spray_test_type
321,0,1,14,0,2,0,farm_yaw_mode
322,0,1,28,0,2,0,farm_esc_re_encorder_enable
327,0,1,25,0,3,0,farm_no_pesticide_action
431,0,1,11,0,2,0,switch_way
432,0,1,37,0,5,0,g_config.fdi_switch.ns.default_index
437,0,1,42,0,2,0,g_config.fdi_switch.compass.default_index
442,0,1,38,0,2,0,g_config.fdi_switch.gps.default_index
447,0,1,39,0,2,0,g_config.fdi_switch.baro.default_index
452,0,1,38,0,2,0,g_config.fdi_switch.acc.default_index
457,0,1,39,0,2,0,g_config.fdi_switch.gyro.default_index
466,0,1,50,0,0,0,g_config.flying_limit.driver_license_limit_enable
467,0,1,51,0,0,0,g_config.flying_limit.viechle_license_limit_enable
508,0,1,11,0,2,0,F_CHL_MODE
523,0,1,20,0,100,0,F_CHL_C1_DUTY_RATIO
524,0,1,20,0,100,0,F_CHL_C2_DUTY_RATIO
525,0,1,20,0,100,0,F_CHL_C3_DUTY_RATIO
526,0,1,20,0,100,0,F_CHL_C4_DUTY_RATIO
527,0,1,20,0,100,0,F_CHL_C5_DUTY_RATIO
528,0,1,20,0,100,0,F_CHL_C6_DUTY_RATIO
529,0,1,20,0,100,0,F_CHL_C7_DUTY_RATIO
530,0,1,20,0,100,0,F_CHL_C8_DUTY_RATIO
549,0,1,9,0,32,0,null_svn
613,0,1,15,0,8,0,imu0_direction
629,0,1,15,0,8,0,imu1_direction
645,0,1,15,0,8,0,imu2_direction
728,0,1,20,0,100,0,ffg_speed_ctrl_perc
857,0,1,22,0,0,0,rc_ioc_control_mode_0
971,0,1,18,0,2,0,wp_vert_ctrl_type
999,0,1,17,0,2,0,zenmuse_cfg.type
1018,0,1,20,0,6,0,mass_est_cali_state
1021,0,1,26,0,3,0,dancing_circle_horiz_type
1022,0,1,25,0,3,0,dancing_circle_vert_type
1032,0,1,22,0,6,0,stick_calibrate_state
1117,0,1,12,0,43,0,modify_type
1275,0,1,23,0,3,0,wp2_return_to_cur_line
31,0,1,51,0,255,1,g_status.topology_verify.user_interface.imu_status
32,0,1,51,0,255,1,g_status.topology_verify.user_interface.mag_status
186,0,1,21,0,5,1,sdk_data_type_height
220,0,1,13,0,3,1,battery_type
548,0,1,8,0,32,1,bad_svn
571,8,4,17,0,30,1,gps_to_rtk_slope
575,8,4,23,0,10,1,vert_vel_err_threshold
736,0,1,17,0,9,1,multi_mixer_type
839,0,1,6,0,100,1,ss_t2
841,0,1,6,0,100,1,ss_t4
848,0,1,25,0,10,1,horiz_vel_err_fltr_order
978,8,4,17,0,2,1,wp_acc_fdfw_gain
1031,0,1,36,0,2,1,g_cfg_debug.rel_height_limit_enable
1036,8,4,19,0,999.900024,1,simulator_gps_pdop
1073,0,1,22,0,255,1,wp_setting_trace_mode
1085,8,4,31,0,200,1,navi_data_radar_height_fltr_fc
1188,0,1,8,0,8,1,rc_type
1210,0,1,19,0,255,1,RC_STOP_MOTOR_TYPE
1255,0,1,29,0,2,1,go_home_yaw_realign_yaw_mode
2,0,1,19,0,1,1,sweep_inj_A_enable
172,0,1,23,0,1,1,airspeed_compensate_en
173,0,1,23,0,1,1,air_comp_gps_height_en
177,0,1,11,0,1,1,sdk_enable
178,0,1,16,0,1,1,sdk_enable_1860
182,0,1,25,0,1,1,sdk_version_check_enable
205,0,1,15,0,1,1,cheat_backdoor
206,0,1,56,0,1,1,g_config.avoid_obstacle_limit_cfg.avoid_obstacle_enable
207,0,1,18,0,1,1,user_avoid_enable
209,0,1,23,0,1,1,low_speed_cmpen_enable
212,0,1,24,0,1,1,large_wind_cmpen_enable
238,0,1,32,0,1,1,over_temperature_protect_enable
290,0,1,14,0,1,1,rc_cmd_enable
291,0,1,16,0,1,1,rc_input_enable
293,0,1,21,0,1,1,wristband_cmd_enable
294,0,1,23,0,1,1,wristband_input_enable
298,0,1,18,0,1,1,communicate_check
332,0,1,24,0,1,1,acc_fdi_open_disconnect
333,0,1,19,0,1,1,acc_fdi_open_range
334,0,1,20,0,1,1,acc_fdi_open_abrupt
335,0,1,19,0,1,1,acc_fdi_open_noise
336,0,1,19,0,1,1,acc_fdi_open_stuck
337,0,1,18,0,1,1,acc_fdi_open_bias
338,0,1,20,0,1,1,acc_fdi_open_temper
339,0,1,22,0,1,1,acc_fdi_open_disagree
340,0,1,27,0,1,1,acc_fdi_open_invalid_float
341,0,1,22,0,1,1,acc_fdi_open_cali_err
342,0,1,21,0,1,1,acc_fdi_open_drv_err
343,0,1,28,0,1,1,acc_fdi_open_temp_not_ready
344,0,1,24,0,1,1,gyr_fdi_open_disconnect
345,0,1,19,0,1,1,gyr_fdi_open_range
346,0,1,20,0,1,1,gyr_fdi_open_abrupt
347,0,1,19,0,1,1,gyr_fdi_open_stuck
348,0,1,19,0,1,1,gyr_fdi_open_noise
349,0,1,18,0,1,1,gyr_fdi_open_bias
350,0,1,24,0,1,1,gyr_fdi_open_bias_minor
351,0,1,20,0,1,1,gyr_fdi_open_temper
352,0,1,22,0,1,1,gyr_fdi_open_disagree
353,0,1,27,0,1,1,gyr_fdi_open_invalid_float
354,0,1,28,0,1,1,gyr_fdi_open_temp_not_ready
355,0,1,27,0,1,1,gyr_fdi_open_temp_warnning
356,0,1,23,0,1,1,gyr_fdi_open_temp_high
357,0,1,27,0,1,1,gyr_fdi_open_temp_ctrl_err
358,0,1,25,0,1,1,baro_fdi_open_disconnect
359,0,1,20,0,1,1,baro_fdi_open_range
360,0,1,21,0,1,1,baro_fdi_open_abrupt
361,0,1,20,0,1,1,baro_fdi_open_stuck
362,0,1,20,0,1,1,baro_fdi_open_noise
363,0,1,19,0,1,1,baro_fdi_open_walk
364,0,1,21,0,1,1,baro_fdi_open_temper
365,0,1,28,0,1,1,baro_fdi_open_temp_warnning
366,0,1,24,0,1,1,baro_fdi_open_temp_high
367,0,1,23,0,1,1,baro_fdi_open_temp_low
368,0,1,23,0,1,1,baro_fdi_open_disagree
369,0,1,28,0,1,1,baro_fdi_open_invalid_float
370,0,1,28,0,1,1,compass_fdi_open_disconnect
371,0,1,28,0,1,1,compass_fdi_open_over_minor
372,0,1,28,0,1,1,compass_fdi_open_over_large
373,0,1,24,0,1,1,compass_fdi_open_abrupt
374,0,1,23,0,1,1,compass_fdi_open_stuck
375,0,1,23,0,1,1,compass_fdi_open_noise
376,0,1,26,0,1,1,compass_fdi_open_disagree
377,0,1,27,0,1,1,compass_fdi_open_interfere
378,0,1,24,0,1,1,gps_fdi_open_disconnect
379,0,1,19,0,1,1,gps_fdi_open_range
380,0,1,20,0,1,1,gps_fdi_open_abrupt
381,0,1,19,0,1,1,gps_fdi_open_stuck
382,0,1,22,0,1,1,gps_fdi_open_disagree
383,0,1,24,0,1,1,gps_fdi_open_conformity
384,0,1,27,0,1,1,gps_fdi_open_invalid_float
385,0,1,30,0,1,1,gps_fdi_open_version_mismatch
386,0,1,27,0,1,1,gps_fdi_open_frequency_err
387,0,1,31,0,1,1,gps_fdi_open_signature_invalid
388,0,1,27,0,1,1,gps_fdi_open_svn_exception
389,0,1,23,0,1,1,gps_fdi_open_level_low
395,0,1,23,0,1,1,esc_unbalance_fdi_open
397,0,1,23,0,1,1,esc_recv_test_fdi_open
398,0,1,14,0,1,1,ahrs_fdi_open
399,0,1,19,0,1,1,ahrs_init_fdi_open
401,0,1,14,0,1,1,ctrl_fdi_open
402,0,1,21,0,1,1,ctrl_impact_fdi_open
407,0,1,23,0,1,1,compass_multi_fdi_open
422,0,1,46,0,1,1,g_config.fdi_open.close_auto_stop_motor_check
425,0,1,23,0,1,1,vo_fdi_open_disconnect
426,0,1,18,0,1,1,vo_fdi_open_range
427,0,1,19,0,1,1,vo_fdi_open_abrupt
428,0,1,26,0,1,1,vo_fdi_open_invalid_float
433,0,1,17,0,1,1,ns_switch_on_off
434,0,1,32,0,1,1,g_config.fdi_switch.ns.with_fdi
435,0,1,30,0,1,1,g_config.fdi_switch.ns.by_fdi
438,0,1,22,0,1,1,compass_switch_on_off
439,0,1,37,0,1,1,g_config.fdi_switch.compass.with_fdi
440,0,1,35,0,1,1,g_config.fdi_switch.compass.by_fdi
443,0,1,18,0,1,1,gps_siwtch_on_off
444,0,1,33,0,1,1,g_config.fdi_switch.gps.with_fdi
445,0,1,31,0,1,1,g_config.fdi_switch.gps.by_fdi
448,0,1,19,0,1,1,baro_switch_on_off
449,0,1,34,0,1,1,g_config.fdi_switch.baro.with_fdi
450,0,1,32,0,1,1,g_config.fdi_switch.baro.by_fdi
453,0,1,18,0,1,1,acc_switch_on_off
454,0,1,33,0,1,1,g_config.fdi_switch.acc.with_fdi
455,0,1,31,0,1,1,g_config.fdi_switch.acc.by_fdi
458,0,1,19,0,1,1,gyro_switch_on_off
459,0,1,34,0,1,1,g_config.fdi_switch.gyro.with_fdi
460,0,1,32,0,1,1,g_config.fdi_switch.gyro.by_fdi
468,0,1,43,0,1,1,g_config.flying_limit.avoid_ground_enabled
471,0,1,47,0,1,1,g_config.flying_limit.user_avoid_ground_enable
472,0,1,60,0,1,1,g_config.flying_limit.avoid_ground_and_smart_landing_enable
474,0,1,30,0,1,1,course_unaligned_limit_enable
478,0,1,40,0,1,1,g_config.flying_limit.roof_limit_enable
480,0,1,39,0,1,1,only_auto_landing_avoid_ground_enabled
543,0,1,11,0,1,1,gps_enable
580,0,1,21,0,1,1,hotpoint_enable_mode
662,0,1,57,0,1,1,g_config.imu_para_cfg.imu_adv_func.fusion_switch_gnss_hp
663,0,1,57,0,1,1,g_config.imu_para_cfg.imu_adv_func.fusion_switch_gnss_hv
664,0,1,57,0,1,1,g_config.imu_para_cfg.imu_adv_func.fusion_switch_gnss_vp
666,0,1,57,0,1,1,g_config.imu_para_cfg.imu_adv_func.fusion_switch_vodm_hp
667,0,1,57,0,1,1,g_config.imu_para_cfg.imu_adv_func.fusion_switch_vodm_hv
668,0,1,57,0,1,1,g_config.imu_para_cfg.imu_adv_func.fusion_switch_vodm_vp
669,0,1,57,0,1,1,g_config.imu_para_cfg.imu_adv_func.fusion_switch_vodm_vv
670,0,1,57,0,1,1,g_config.imu_para_cfg.imu_adv_func.fusion_switch_vodm_vh
678,0,1,57,0,1,1,g_config.imu_para_cfg.imu_adv_func.fusion_switch_usnc_vp
679,0,1,57,0,1,1,g_config.imu_para_cfg.imu_adv_func.fusion_switch_baro_vp
680,0,1,58,0,1,1,g_config.imu_para_cfg.imu_adv_func.fusion_switch_magn_yaw
704,0,1,23,0,1,1,mag_filter_type_enable
714,0,1,12,0,1,1,vps_func_en
731,0,1,26,0,1,1,gps_signature_valid_check
852,0,1,24,0,1,1,low_radius_limit_enable
861,0,1,16,0,1,1,reset_by_reboot
879,0,1,24,0,1,1,tripod_dyn_scale_enable
935,0,1,24,0,1,1,temp_ctl_0_temp_ctrl_en
959,0,1,24,0,1,1,temp_ctl_2_temp_ctrl_en
964,0,1,21,0,1,1,waypoint_enable_mode
985,0,1,18,0,1,1,wifi_func_enabled
1011,0,1,14,0,1,1,FL_SIM_POS_EN
1013,0,1,22,0,1,1,cfg_sim_disable_limit
1046,0,1,22,0,1,1,simulator_check_motor
1048,0,1,16,0,1,1,force_flash_led
1050,0,1,27,0,1,1,motor_no_start_motor_check
1077,0,1,14,0,1,1,invalid_sn_en
1078,0,1,23,0,1,1,misalign_cali_check_en
1079,0,1,21,0,1,1,temper_cali_check_en
1080,0,1,22,0,1,1,temper_ready_check_en
1081,0,1,18,0,1,1,product_active_en
1083,0,1,14,0,1,1,flash_lock_en
1192,0,1,19,0,1,1,RC_ARM_STOP_ENABLE
1212,0,1,14,0,1,1,rc_vib_enable
1224,0,1,45,0,1,1,g_config.takeoff.auto_takeoff_use_ref_height
1237,0,1,38,0,1,1,exit_landing_ground_not_smooth_enable
1239,0,1,20,0,1,1,exit_landing_enable
1240,0,1,19,0,1,1,adv_landing_enable
1245,0,1,16,0,1,1,go_home_heading
1246,0,1,13,0,1,1,go_home_mode
1248,0,1,13,0,1,1,avoid_enable
1249,0,1,18,0,1,1,adv_gohome_enable
1260,0,1,37,0,1,1,avoid_ascending_height_limit_disable
1272,0,1,19,0,1,1,wp2_fly_plane_ctrl
1273,0,1,24,0,1,1,wp2_terrain_follow_ctrl
1274,0,1,28,0,1,1,wp2_one_key_stop_con_fly_en
1278,0,1,24,0,1,1,enable_change_homepoint
93,1,2,23,0,2600,1120,cfg_ACTUATOR_1_pwm_min
94,1,2,23,0,2600,1920,cfg_ACTUATOR_1_pwm_max
95,1,2,24,0,2600,940,cfg_ACTUATOR_1_pwm_stop
100,1,2,23,0,2600,1120,cfg_ACTUATOR_2_pwm_min
101,1,2,23,0,2600,1920,cfg_ACTUATOR_2_pwm_max
102,1,2,24,0,2600,940,cfg_ACTUATOR_2_pwm_stop
107,1,2,23,0,2600,1120,cfg_ACTUATOR_3_pwm_min
108,1,2,23,0,2600,1920,cfg_ACTUATOR_3_pwm_max
109,1,2,24,0,2600,940,cfg_ACTUATOR_3_pwm_stop
114,1,2,23,0,2600,1120,cfg_ACTUATOR_4_pwm_min
115,1,2,23,0,2600,1920,cfg_ACTUATOR_4_pwm_max
116,1,2,24,0,2600,940,cfg_ACTUATOR_4_pwm_stop
121,1,2,23,0,2600,1120,cfg_ACTUATOR_5_pwm_min
122,1,2,23,0,2600,1920,cfg_ACTUATOR_5_pwm_max
123,1,2,24,0,2600,940,cfg_ACTUATOR_5_pwm_stop
128,1,2,23,0,2600,1120,cfg_ACTUATOR_6_pwm_min
129,1,2,23,0,2600,1920,cfg_ACTUATOR_6_pwm_max
130,1,2,24,0,2600,940,cfg_ACTUATOR_6_pwm_stop
135,1,2,23,0,2600,1120,cfg_ACTUATOR_7_pwm_min
136,1,2,23,0,2600,1920,cfg_ACTUATOR_7_pwm_max
137,1,2,24,0,2600,940,cfg_ACTUATOR_7_pwm_stop
142,1,2,23,0,2600,1120,cfg_ACTUATOR_8_pwm_min
143,1,2,23,0,2600,1920,cfg_ACTUATOR_8_pwm_max
144,1,2,24,0,2600,940,cfg_ACTUATOR_8_pwm_stop
149,1,2,21,0,10000,500,user_test_std_output
150,1,2,16,0,2000,20,user_test_timer
241,1,2,18,0,5000,100,lower_limit_power
243,1,2,16,0,65535,20000,go_home_current
244,1,2,14,0,65535,1600,max_bat_power
300,1,2,21,0,15000,10000,gyro_x_vib_threshold
301,1,2,21,0,15000,10000,gyro_y_vib_threshold
302,1,2,20,0,10000,10000,acc_z_vib_threshold
492,1,2,19,0,2500,1920,F_CHL_D1_MAX_WIDTH
493,1,2,19,0,2500,1120,F_CHL_D1_MIN_WIDTH
494,1,2,19,0,2500,1920,F_CHL_D2_MAX_WIDTH
495,1,2,19,0,2500,1120,F_CHL_D2_MIN_WIDTH
496,1,2,19,0,2500,1920,F_CHL_D3_MAX_WIDTH
497,1,2,19,0,2500,1120,F_CHL_D3_MIN_WIDTH
498,1,2,19,0,2500,1920,F_CHL_D4_MAX_WIDTH
499,1,2,19,0,2500,1120,F_CHL_D4_MIN_WIDTH
500,1,2,19,0,2500,1920,F_CHL_D5_MAX_WIDTH
501,1,2,19,0,2500,1120,F_CHL_D5_MIN_WIDTH
502,1,2,19,0,2500,1920,F_CHL_D6_MAX_WIDTH
503,1,2,19,0,2500,1120,F_CHL_D6_MIN_WIDTH
504,1,2,19,0,2500,1920,F_CHL_D7_MAX_WIDTH
505,1,2,19,0,2500,1120,F_CHL_D7_MIN_WIDTH
506,1,2,19,0,2500,1920,F_CHL_D8_MAX_WIDTH
507,1,2,19,0,2500,1120,F_CHL_D8_MIN_WIDTH
509,1,2,28,0,2000,2000,F_CHL_SHUTTER_ACTIVE_OUTPUT
510,1,2,29,0,2000,1000,F_CHL_SHUTTER_DEFAULT_OUTPUT
513,1,2,21,0,2500,1920,F_CHL_FARM_MAX_WIDTH
514,1,2,21,0,2500,940,F_CHL_FARM_MIN_WIDTH
517,1,2,27,0,2000,1000,F_CHL_VIDEO_DEFAULT_OUTPUT
518,1,2,26,0,2000,2000,F_CHL_VIDEO_ACTIVE_OUTPUT
520,1,2,27,0,2000,1000,F_CHL_PAUSE_DEFAULT_OUTPUT
521,1,2,26,0,2000,2000,F_CHL_PAUSE_ACTIVE_OUTPUT
837,1,2,14,0,2000,1200,ss_max_w_rate
843,1,2,19,0,2000,1500,ss_tilt_gyro_range
929,1,2,24,0,10000,100,temp_ctl_0_dynamic_gain
941,1,2,24,0,10000,100,temp_ctl_1_dynamic_gain
953,1,2,24,0,10000,100,temp_ctl_2_dynamic_gain
1027,1,2,14,0,65535,170,fan_min_speed
1028,1,2,14,0,65535,280,fan_max_speed
1034,1,2,19,0,65535,255,simulator_mvo_flag
1107,1,2,29,0,90,90,plant_gain_adjust_atti_limit
1189,1,2,27,0,65535,200,start_motor_verify_time_ms
1190,1,2,26,0,65535,500,stop_motor_verify_time_ms
1191,1,2,30,0,65535,200,emergency_stop_verify_time_ms
4,8,4,29,0,500,120,sweep_total_t_A(PRBS_period)
5,8,4,16,0,500,120,sweep_total_t_B
6,8,4,25,0,200,0.1,sweep_start_f_A(PRBS_dt)
7,8,4,16,0,200,0.1,sweep_start_f_B
8,8,4,23,0,200,30,sweep_stop_f_A(PRBS_N)
9,8,4,15,0,200,30,sweep_stop_f_B
13,8,4,25,0,100,25,vol_dyn_ctrl_cfg_max_vol
14,8,4,25,0,100,22,vol_dyn_ctrl_cfg_min_vol
161,8,4,7,0,5,0.5,gain_0
162,8,4,7,0,5,0.33,gain_1
163,8,4,7,0,5,0.5,gain_2
164,8,4,7,0,5,0.95,gain_3
165,8,4,3,0,10,0.05,fc
166,8,4,16,0,50,6,big_wind_level1
167,8,4,16,0,50,9,big_wind_level2
210,8,4,21,0,35,35,low_speed_cmpen_atti
211,8,4,20,0,5,3,low_speed_cmpen_vel
214,8,4,9,0,5,2,safe_dis
273,8,4,19,0,10,0.8,brake_sensitive_fc
275,8,4,26,0,2,0.8,emergency_brake_sensitive
475,8,4,17,0,100000,10000,limit_height_rel
476,8,4,17,0,100000,10000,limit_height_abs
477,8,4,29,0,100000,10000,limit_height_abs_without_gps
570,8,4,25,0,100000,10,gps_rtk_horiz_offset_max
579,8,4,16,0,80,5,soar_delta_lift
583,8,4,13,0,90,70,max_yaw_rate
584,8,4,16,0,10,10,max_tangent_vel
787,8,4,12,0,500,0.63,horiz_pos_k
789,8,4,12,0,500,2.7,horiz_vel_k
790,8,4,18,0,500,0.025,horiz_vel_pi_freq
793,8,4,21,0,150,1.1,horiz_vel_i_sat_gain
796,8,4,11,0,500,0.5,vert_pos_k
798,8,4,11,0,500,5,vert_vel_k
799,8,4,17,0,500,1.5,vert_vel_comp_fc
800,8,4,19,0,500,10,vert_vel_comp_gain
801,8,4,11,0,500,3,vert_acc_k
802,8,4,17,0,500,1.5,vert_acc_pi_freq
842,8,4,7,0,100,7,ss_vel
860,8,4,15,0,1,0.5,watch_rc_scale
930,8,4,19,0,50,0.06,temp_ctl_0_pi_freq
931,8,4,21,0,50,0.4,temp_ctl_0_comp_freq
932,8,4,21,0,50,2,temp_ctl_0_comp_gain
933,8,4,23,0,50,10,temp_ctl_0_sys_fltr_fc
937,8,4,27,0,10,0.3,temp_ctl_0_temp_ctrl_slope
942,8,4,19,0,50,0.06,temp_ctl_1_pi_freq
943,8,4,21,0,50,0.4,temp_ctl_1_comp_freq
944,8,4,21,0,50,2,temp_ctl_1_comp_gain
945,8,4,23,0,50,10,temp_ctl_1_sys_fltr_fc
949,8,4,27,0,10,0.3,temp_ctl_1_temp_ctrl_slope
954,8,4,19,0,50,0.06,temp_ctl_2_pi_freq
955,8,4,21,0,50,0.4,temp_ctl_2_comp_freq
956,8,4,21,0,50,2,temp_ctl_2_comp_gain
957,8,4,23,0,50,10,temp_ctl_2_sys_fltr_fc
961,8,4,27,0,10,0.3,temp_ctl_2_temp_ctrl_slope
1035,8,4,19,0,999.900024,0.6,simulator_gps_hdop
1075,8,4,25,0,20,7,wp_setting_vel_cmd_range
1076,8,4,20,0,20,2,wp_setting_idle_vel
1086,8,4,33,0,200,6,navi_data_radar_height_fltr_gain
1109,8,4,31,0,10,0.002,plant_gain_adjust_max_variance
1209,8,4,10,0,10,3,dead_zone
1234,8,4,24,0,10,0.5,smart_landing_height_L1
1235,8,4,24,0,10,2,smart_landing_height_L2
1281,8,4,17,0,15,0.81,p_horiz_vel_ctrl
1282,8,4,15,0,15,2.8,slop_horiz_vel
1286,8,4,19,0,5,1.5,jumping_max_h_edge
1287,8,4,19,0,5,0.3,jumping_min_h_edge
1288,8,4,24,0,5,0.7,jumping_up_max_velocity
1290,8,4,15,0,10,2,jumping_acc_up
1293,8,4,20,0,50,10,jumping_acc_fltr_fp
512,2,4,17,0,20000,1000,F_CHL_SHUTTER_MS
700,4,1,35,0,127,65,imu_adv_func_thermostatic_temp_imu
795,5,2,18,0,500,100,vert_pos_gain_adj
797,5,2,14,0,500,100,vert_vel_gain
806,5,2,23,0,50,30,horiz_vel_output_limit
812,5,2,28,0,10,3,vert_pos_output_upper_limit
814,5,2,28,0,20,8,vert_vel_output_upper_limit
817,5,2,14,0,1000,350,ccpm_tilt_max
818,5,2,14,0,50,30,ccpm_tors_max
819,5,2,14,0,100,85,ccpm_lift_max
820,5,2,20,0,100,5,ccpm_tors_limit_min
821,5,2,25,0,100,10,ccpm_lift_comp_limit_min
822,5,2,25,0,100,20,ccpm_lift_comp_limit_max
865,2,4,13,0,4294967295,201509060,SIM_GPS_DATE
1088,5,2,33,0,100,50,horiz_tilt_emergency_brake_limit
1211,2,4,23,0,4294967295,2500,rc_break_pause_time_ms
90,0,1,15,0,2,2,rc_lost_action
148,0,1,19,0,8,8,user_test_actuator
204,0,1,16,0,10,2,authority_level
219,0,1,23,0,255,21,baro_config_check_type
221,0,1,13,0,2,2,enSmartBatGH
225,0,1,21,0,10,2,bat_cap_v2_prot_type
231,0,1,20,0,100,5,smart_bat_basic_cap
253,0,1,18,0,12,3,fswitch_selection
254,0,1,20,0,12,8,fswitch_selection_1
255,0,1,20,0,12,7,fswitch_selection_2
256,0,1,30,0,12,7,default_power_up_control_mode
284,0,1,21,0,5,2,vert_vel_down_adding
303,0,1,23,0,100,100,roll_install_threshold
304,0,1,24,0,100,100,pitch_install_threshold
305,0,1,22,0,100,100,yaw_install_threshold
306,0,1,23,0,100,5,hover_thrust_threshold
307,0,1,26,0,100,10,hover_pwm_bound_threshold
324,0,1,11,0,2,2,spray_mode
483,0,1,9,0,255,16,F_CHL_F1
484,0,1,9,0,255,19,F_CHL_F2
485,0,1,9,0,255,255,F_CHL_F3
486,0,1,9,0,255,255,F_CHL_F4
487,0,1,9,0,255,255,F_CHL_F5
488,0,1,9,0,255,255,F_CHL_F6
489,0,1,9,0,255,255,F_CHL_F7
490,0,1,9,0,255,255,F_CHL_F8
532,0,1,10,0,2,2,pack_type
542,0,1,22,0,255,21,gps_config_check_type
544,0,1,10,0,32,14,super_svn
545,0,1,9,0,32,8,good_svn
546,0,1,8,0,32,6,fix_svn
547,0,1,9,0,32,4,weak_svn
572,0,1,38,0,255,63,g_config.gyr_acc_cfg.msc_require_side
573,0,1,19,0,255,21,gyr_acc_check_type
657,0,1,28,0,5,2,imu_adv_func_vo_source_type
701,0,1,34,0,255,50,imu_adv_func_ground_effect_height
702,0,1,20,0,255,21,imu_para_check_type
712,0,1,22,0,255,21,mag_config_check_type
729,0,1,17,0,255,255,forearm_led_ctrl
838,0,1,6,0,100,6,ss_t1
840,0,1,6,0,100,2,ss_t3
936,0,1,26,0,2,2,temp_ctl_0_temp_ctrl_type
948,0,1,26,0,2,2,temp_ctl_1_temp_ctrl_type
960,0,1,26,0,2,2,temp_ctl_2_temp_ctrl_type
984,0,1,23,0,10,3,wp_act_cam_retry_times
986,0,1,25,0,30,20,wifi_rc_lost_action_time
998,0,1,13,0,5,4,hp_gps_level
1003,0,1,18,0,255,255,waypoint_wp_index
1024,0,1,20,0,255,65,fan_speed_lvl1_duty
1025,0,1,20,0,255,95,fan_speed_lvl2_duty
1026,0,1,20,0,255,100,fan_speed_lvl3_duty
1033,0,1,18,0,255,15,simulator_gps_svn
1052,0,1,32,0,100,100,motor_output_percentage_debug_0
1053,0,1,32,0,100,100,motor_output_percentage_debug_1
1054,0,1,32,0,100,100,motor_output_percentage_debug_2
1055,0,1,32,0,100,100,motor_output_percentage_debug_3
1056,0,1,32,0,100,100,motor_output_percentage_debug_4
1057,0,1,32,0,100,100,motor_output_percentage_debug_5
1058,0,1,32,0,100,100,motor_output_percentage_debug_6
1059,0,1,32,0,100,100,motor_output_percentage_debug_7
1069,0,1,18,0,100,4,wp_setting_length
1070,0,1,28,0,255,4,wp_setting_action_on_finish
1071,0,1,28,0,255,2,wp_setting_mission_exec_num
1195,0,1,16,0,6,6,knob_basic_roll
1196,0,1,17,0,6,6,knob_basic_pitch
1197,0,1,15,0,6,6,knob_basic_yaw
1198,0,1,18,0,6,6,knob_basic_thrust
1199,0,1,36,0,6,6,knob_control_channel_KNOB_ATTI_GAIN
1200,0,1,36,0,6,6,knob_control_channel_KNOB_GYRO_GAIN
1201,0,1,42,0,6,6,knob_control_channel_KNOB_ATTI_HORIZ_GAIN
1202,0,1,41,0,6,6,knob_control_channel_KNOB_ATTI_VERT_GAIN
1203,0,1,42,0,6,6,knob_control_channel_KNOB_ATTI_RANGE_GAIN
1204,0,1,44,0,6,6,knob_control_channel_KNOB_ATTI_VERT_UP_GAIN
1205,0,1,37,0,6,6,knob_control_channel_KNOB_BRAKE_GAIN
1206,0,1,36,0,6,6,knob_control_channel_KNOB_TILT_GAIN
1207,0,1,41,0,6,6,knob_control_channel_KNOB_HORIZ_POS_GAIN
1208,0,1,41,0,6,6,knob_control_channel_KNOB_HORIZ_VEL_GAIN
1218,0,1,18,0,2,2,prop_auto_preload
1280,0,1,16,0,5,5,enter_gps_level
16,5,2,25,30,150,60,torsion_w_rate_bat_limit
91,0,1,20,1,120,3,rc_lost_action_time
97,5,2,31,-10000,10000,0,cfg_ACTUATOR_1_work_stroke_min
98,5,2,31,-10000,10000,10000,cfg_ACTUATOR_1_work_stroke_max
104,5,2,31,-10000,10000,0,cfg_ACTUATOR_2_work_stroke_min
105,5,2,31,-10000,10000,10000,cfg_ACTUATOR_2_work_stroke_max
111,5,2,31,-10000,10000,0,cfg_ACTUATOR_3_work_stroke_min
112,5,2,31,-10000,10000,10000,cfg_ACTUATOR_3_work_stroke_max
118,5,2,31,-10000,10000,0,cfg_ACTUATOR_4_work_stroke_min
119,5,2,31,-10000,10000,10000,cfg_ACTUATOR_4_work_stroke_max
125,5,2,31,-10000,10000,0,cfg_ACTUATOR_5_work_stroke_min
126,5,2,31,-10000,10000,10000,cfg_ACTUATOR_5_work_stroke_max
132,5,2,31,-10000,10000,0,cfg_ACTUATOR_6_work_stroke_min
133,5,2,31,-10000,10000,10000,cfg_ACTUATOR_6_work_stroke_max
139,5,2,31,-10000,10000,0,cfg_ACTUATOR_7_work_stroke_min
140,5,2,31,-10000,10000,10000,cfg_ACTUATOR_7_work_stroke_max
146,5,2,31,-10000,10000,0,cfg_ACTUATOR_8_work_stroke_min
147,5,2,31,-10000,10000,10000,cfg_ACTUATOR_8_work_stroke_max
176,2,4,9,110,921600,921600,sdk_baud
226,0,1,21,1,14,4,raw_battery_cell_num
227,1,2,16,3600,4000,3800,raw_bat_level_1
228,1,2,16,3500,3800,3600,raw_bat_level_2
240,1,2,18,2500,4000,3000,emergency_voltage
245,5,2,24,-2000,2000,-100,lower_limit_temperature
264,5,2,12,1,15,4,ctrl_acc_fc
265,5,2,22,2,20,10,land_thrust_threshold
266,5,2,26,1,150,20,land_ref_height_threshold
267,5,2,17,10,60,25,avoid_atti_range
268,1,2,16,10,35,25,rc_filter_ratio
269,1,2,20,1,100,50,tilt_sensitive_gain
270,1,2,19,1,100,50,yaw_sensitive_gain
271,1,2,24,1,100,100,rc_throttle_sensitivity
272,1,2,20,20,100,60,wind_anti_intensity
274,1,2,21,70,130,100,brake_sensitive_gain
281,5,2,15,10,30,15,atti_bat_limit
282,5,2,22,1,5,2,vert_vel_up_bat_limit
283,5,2,24,1,5,2,vert_vel_down_bat_limit
299,1,2,10,50,2000,1100,min_speed
462,1,2,33,15,8000,5000,g_config.flying_limit.max_radius
463,1,2,33,9000,9000,9000,g_config.flying_limit.max_height
464,0,1,43,1,2,2,g_config.flying_limit.height_limit_enabled
469,1,2,33,1,20,20,g_config.flying_limit.min_height
470,1,2,16,1,20,3,min_height_user
491,1,2,13,1,1000,50,F_CHL_D_FREQ
511,1,2,19,1,1000,50,F_CHL_SHUTTER_FREQ
515,1,2,16,1,1000,50,F_CHL_FARM_FREQ
516,1,2,17,1,1000,50,F_CHL_VIDEO_FREQ
519,1,2,17,1,1000,50,F_CHL_PAUSE_FREQ
522,1,2,23,10,200,50,F_CHL_PWM_SETTING_FREQ
538,5,2,21,-1000,1000,0,gear_sensor_offset_0
539,5,2,21,-1000,1000,0,gear_sensor_offset_1
540,5,2,21,-1000,1000,0,gear_sensor_offset_2
598,5,2,7,-32768,32767,26,imu0_x
599,5,2,7,-32768,32767,14,imu0_y
600,5,2,7,-32768,32767,25,imu0_z
601,5,2,7,-32768,32767,0,gps0_x
602,5,2,7,-32768,32767,0,gps0_y
603,5,2,7,-32768,32767,-30,gps0_z
604,5,2,23,-32768,32767,0,imu_gps_0_mvo_offset_x
605,5,2,23,-32768,32767,0,imu_gps_0_mvo_offset_y
606,5,2,23,-32768,32767,0,imu_gps_0_mvo_offset_z
607,5,2,15,-32768,32767,0,antenna_gps1_x
608,5,2,15,-32768,32767,0,antenna_gps1_y
609,5,2,15,-32768,32767,0,antenna_gps1_z
610,5,2,17,-32768,32767,0,antenna_gps1_2_x
611,5,2,17,-32768,32767,0,antenna_gps1_2_y
612,5,2,17,-32768,32767,0,antenna_gps1_2_z
614,5,2,7,-32768,32767,24,imu1_x
615,5,2,7,-32768,32767,8,imu1_y
616,5,2,7,-32768,32767,25,imu1_z
617,5,2,7,-32768,32767,0,gps1_x
618,5,2,7,-32768,32767,0,gps1_y
619,5,2,7,-32768,32767,0,gps1_z
620,5,2,23,-32768,32767,0,imu_gps_1_mvo_offset_x
621,5,2,23,-32768,32767,0,imu_gps_1_mvo_offset_y
622,5,2,23,-32768,32767,0,imu_gps_1_mvo_offset_z
623,5,2,29,-32768,32767,0,imu_gps_1_rtk_gps_offset_a_x
624,5,2,29,-32768,32767,0,imu_gps_1_rtk_gps_offset_a_y
625,5,2,29,-32768,32767,0,imu_gps_1_rtk_gps_offset_a_z
626,5,2,29,-32768,32767,0,imu_gps_1_rtk_gps_offset_b_x
627,5,2,29,-32768,32767,0,imu_gps_1_rtk_gps_offset_b_y
628,5,2,29,-32768,32767,0,imu_gps_1_rtk_gps_offset_b_z
630,5,2,7,-32768,32767,0,imu2_x
631,5,2,7,-32768,32767,0,imu2_y
632,5,2,7,-32768,32767,0,imu2_z
633,5,2,7,-32768,32767,0,gps2_x
634,5,2,7,-32768,32767,0,gps2_y
635,5,2,7,-32768,32767,0,gps2_z
636,5,2,23,-32768,32767,0,imu_gps_2_mvo_offset_x
637,5,2,23,-32768,32767,0,imu_gps_2_mvo_offset_y
638,5,2,23,-32768,32767,0,imu_gps_2_mvo_offset_z
639,5,2,29,-32768,32767,0,imu_gps_2_rtk_gps_offset_a_x
640,5,2,29,-32768,32767,0,imu_gps_2_rtk_gps_offset_a_y
641,5,2,29,-32768,32767,0,imu_gps_2_rtk_gps_offset_a_z
642,5,2,29,-32768,32767,0,imu_gps_2_rtk_gps_offset_b_x
643,5,2,29,-32768,32767,0,imu_gps_2_rtk_gps_offset_b_y
644,5,2,29,-32768,32767,0,imu_gps_2_rtk_gps_offset_b_z
681,4,1,32,-128,127,35,imu_adv_func_delay_tick_gnss_hp
682,4,1,32,-128,127,55,imu_adv_func_delay_tick_gnss_hv
683,4,1,32,-128,127,35,imu_adv_func_delay_tick_gnss_vp
684,4,1,32,-128,127,55,imu_adv_func_delay_tick_gnss_vv
685,4,1,32,-128,127,4,imu_adv_func_delay_tick_vodm_hp
686,4,1,32,-128,127,4,imu_adv_func_delay_tick_vodm_hv
687,4,1,32,-128,127,4,imu_adv_func_delay_tick_vodm_vp
688,4,1,32,-128,127,4,imu_adv_func_delay_tick_vodm_vv
689,4,1,32,-128,127,4,imu_adv_func_delay_tick_vodm_vh
690,4,1,34,-128,127,60,imu_adv_func_delay_tick_rtks_hp_p
691,4,1,34,-128,127,60,imu_adv_func_delay_tick_rtks_hp_s
692,4,1,32,-128,127,60,imu_adv_func_delay_tick_rtks_hv
693,4,1,34,-128,127,40,imu_adv_func_delay_tick_rtks_vp_p
694,4,1,34,-128,127,60,imu_adv_func_delay_tick_rtks_vp_s
695,4,1,32,-128,127,60,imu_adv_func_delay_tick_rtks_vv
696,4,1,33,-128,127,60,imu_adv_func_delay_tick_rtks_yaw
697,4,1,32,-128,127,0,imu_adv_func_delay_tick_usnc_vp
698,4,1,32,-128,127,0,imu_adv_func_delay_tick_baro_vp
699,4,1,33,-128,127,5,imu_adv_func_delay_tick_magn_yaw
755,5,2,16,20,500,95,basic_gain_roll
756,5,2,17,20,500,100,basic_gain_pitch
757,5,2,15,20,500,50,basic_gain_yaw
758,5,2,20,20,500,95,basic_gain_vertical
759,5,2,20,20,500,100,basic_gain_roll_usr
760,5,2,21,20,500,100,basic_gain_pitch_usr
761,5,2,28,20,500,100,g_config.control.basic_tail
762,5,2,31,20,500,100,g_config.control.atti_vertical
763,5,2,10,50,200,90,atti_gain
767,5,2,19,10,400,100,atti_tors_gain_adj
771,5,2,22,10,400,110,ang_vel_tilt_gain_adj
775,5,2,16,30,150,100,power_bandwidth
777,5,2,22,10,400,100,ang_vel_tors_gain_adj
784,5,2,15,20,150,100,horiz_pos_gain
788,5,2,15,20,250,100,horiz_vel_gain
805,5,2,23,1,50,3,horiz_pos_output_limit
807,5,2,29,10,1000,300,horiz_atti_tilt_output_limit
808,5,2,29,10,500,150,horiz_atti_tors_output_limit
809,1,2,29,10,60000,10000,horiz_tilt_rate_output_limit
810,1,2,29,10,40000,3000,horiz_tors_rate_output_limit
811,5,2,28,-10,0,-3,vert_pos_output_lower_limit
813,5,2,28,-20,0,-8,vert_vel_output_lower_limit
816,5,2,28,50,100,100,vert_acc_output_upper_limit
829,1,2,16,100,250,100,prop_cover_gain
831,1,2,20,100,300,100,prop_cover_gain_yaw
832,1,2,25,100,300,100,prop_cover_gain_vertical
846,5,2,14,-250,250,0,mass_center_x
847,5,2,14,-250,250,0,mass_center_y
856,0,1,13,1,3,1,app_ioc_type
858,0,1,22,1,2,1,rc_ioc_control_mode_1
859,0,1,22,2,3,3,rc_ioc_control_mode_2
862,0,1,10,1,2,1,multi_fre
892,1,2,19,10,150,10,CM_brake_sensitive
940,4,1,15,1,1,1,temp_ctl_1_idx
952,4,1,15,2,2,2,temp_ctl_2_idx
1009,2,4,15,20250601,20250601,20250601,cfg_limit_date
1010,0,1,30,1,1,1,cfg_disable_airport_fly_limit
1089,5,2,16,10,90,80,dyn_safe_thrust
1090,5,2,13,5,45,15,dyn_tilt_min
1091,5,2,25,10,60,20,power_sat_tilt_threshold
1103,1,2,29,70,130,80,prop_cover_brake_sensitivity
1104,1,2,31,20,100,20,prop_cover_rc_tilt_sensitivity
1105,1,2,30,20,100,40,prop_cover_rc_yaw_sensitivity
1215,0,1,11,1,30,10,idle_level
1216,0,1,13,10,50,25,adding_level
1244,1,2,15,20,500,30,go_home_height
1252,1,2,21,5,100,10,close_go_home_height
10,8,4,12,0.01,30,0.2,sweep_amp_A
11,8,4,12,0.01,30,0.2,sweep_amp_B
152,8,4,5,-10000000,10000000,0,db_0
153,8,4,5,-10000000,10000000,0,db_1
154,8,4,5,-10000000,10000000,0,db_2
155,8,4,5,-10000000,10000000,0,db_3
156,8,4,5,-10000000,10000000,0,db_4
157,8,4,15,-5,5,0.03,orth_gain_left
158,8,4,16,-5,5,0.032,orth_gain_right
159,8,4,16,-5,5,0.03,tang_gain_front
160,8,4,15,-5,5,0.02,tang_gain_back
168,8,4,17,-10000,100,-994.599976,acc2speed_gain_x
169,8,4,17,-10000,100,-994.599976,acc2speed_gain_y
170,8,4,17,-2,2,0.3,motor_start_comp
171,8,4,15,-2,2,0,gear_hide_comp
217,8,4,21,10,35,15,avoid_cfg_atti_range
218,8,4,26,1,150,70,avoid_cfg_tors_rate_range
257,8,4,23,0.05,10,0.3,horiz_vel_comp_fltr_fc
258,8,4,22,0.05,10,0.3,vert_vel_comp_fltr_fc
259,8,4,22,10,150,148,navi_data_gyro_lag_fp
260,8,4,22,10,150,149,navi_data_gyro_lag_fz
261,8,4,23,10,150,149,navi_data_gyro_lead_fp
262,8,4,23,10,150,150,navi_data_gyro_lead_fz
276,8,4,24,0.01,10,0.05,horiz_stb_cmd_fltr_freq
278,8,4,22,0.05,0.5,0.3,vel_braking_threshold
279,8,4,25,1,1.7,1.25,max_emergency_brake_gain
285,8,4,25,-10,0,-10,vert_vel_down_adding_max
286,8,4,25,0.01,80,2.5,horiz_vel_rc_cmd_fltr_fc
287,8,4,27,0.01,1,1,horiz_vel_pi_freq_dyn_gain
288,8,4,9,0.01,1,1,rc_scale
289,8,4,16,0.01,1,0.25,wristband_scale
312,8,4,28,1,7,5,g_config.farm.max_vel_limit
316,8,4,28,3,10,5,g_config.farm.ridges_rang_y
328,8,4,29,1,10,3,farm_no_pesticide_climb_alti
574,8,4,16,0.01,1,0.6,soar_scale_down
576,8,4,21,0.5,10,2,soar_timer_threshold
585,8,4,20,5,10,5,hotpoint_min_radius
586,8,4,11,100,500,500,max_radius
587,8,4,13,1,5,2,max_vert_vel
588,8,4,15,1,5,3,max_radius_vel
589,8,4,11,5,10,5,min_height
590,8,4,8,2,4.5,2.5,max_acc
591,8,4,13,100,800,500,max_distance
594,8,4,17,1,50,5,centripetal_gain
595,8,4,10,1,5,2,cmd_slope
596,8,4,13,1,5,3,output_slope
597,8,4,14,1,20,3,tgt_vel_slope
651,8,4,24,1,250,160,imu_para_filter_w_fstop
652,8,4,21,1,250,50,imu_para_filter_w_As
653,8,4,21,1,150,45,imu_para_filter_a_fc
654,8,4,21,1,1000,80,imu_para_filter_a_fz
655,8,4,33,1,1000,20,imu_para_filter_vib_detect_hp_fc
656,8,4,44,1,80,30,imu_para_filter_baro_filter_config_press_fc
705,8,4,21,1,250,150,mag_filter_type_w_fs
706,8,4,24,1,250,20,mag_filter_type_w_fstop
707,8,4,21,1,250,30,mag_filter_type_w_dB
722,8,4,29,90,300,250,quick_circle_tors_rate_limit
724,8,4,16,-10,45,-5,gimbal_tilt_max
725,8,4,28,20,60,30,gimbal_priority_flight_tilt
727,8,4,22,-10,45,15,gimbal_atti_limit_max
737,8,4,17,0.01,100,1.2,rotor_4_cfg_mass
738,8,4,22,0.0011,100,0.012,rotor_4_cfg_inertia_x
739,8,4,22,0.0011,100,0.012,rotor_4_cfg_inertia_y
740,8,4,22,0.0011,100,0.024,rotor_4_cfg_inertia_z
741,8,4,14,0.01,100,0.225,rotor_4_cfg_l
742,8,4,19,0.01,100,6.83,rotor_4_cfg_thrust
743,8,4,17,0.01,100,1.8,rotor_6_cfg_mass
744,8,4,22,0.0011,100,0.025,rotor_6_cfg_inertia_x
745,8,4,22,0.0011,100,0.025,rotor_6_cfg_inertia_y
746,8,4,22,0.0011,100,0.05,rotor_6_cfg_inertia_z
747,8,4,14,0.01,100,0.275,rotor_6_cfg_l
748,8,4,19,0.01,100,6.83,rotor_6_cfg_thrust
749,8,4,17,0.01,100,2.4,rotor_8_cfg_mass
750,8,4,22,0.0011,100,0.05,rotor_8_cfg_inertia_x
751,8,4,22,0.0011,100,0.05,rotor_8_cfg_inertia_y
752,8,4,22,0.0011,100,0.1,rotor_8_cfg_inertia_z
753,8,4,14,0.01,100,0.325,rotor_8_cfg_l
754,8,4,19,0.01,100,6.83,rotor_8_cfg_thrust
764,8,4,12,0.01,150,8,atti_tilt_k
765,8,4,18,0.01,150,4,atti_tilt_comp_fc
766,8,4,20,0.01,150,2,atti_tilt_comp_gain
768,8,4,12,0.01,150,7,atti_tors_k
769,8,4,18,0.01,150,6,atti_tors_comp_fc
770,8,4,20,0.01,150,2,atti_tors_comp_gain
772,8,4,15,0.01,150,19,ang_vel_tilt_k
773,8,4,21,0.01,150,1.5,ang_vel_tilt_pi_freq
774,8,4,21,0.01,150,3.3,ang_vel_tilt_comp_fc
776,8,4,23,0.01,150,10,ang_vel_tilt_comp_gain
778,8,4,15,0.01,150,19,ang_vel_tors_k
779,8,4,21,0.01,150,0.06,ang_vel_tors_pi_freq
780,8,4,21,0.01,150,1.2,ang_vel_tors_comp_fc
781,8,4,23,0.01,150,0.5,ang_vel_tors_comp_gain
782,8,4,33,0.01,150,45,g_config.mr_ctrl.ctrl_lowpass_fp
783,8,4,33,0.01,150,90,g_config.mr_ctrl.ctrl_lowpass_fz
794,8,4,22,-1,150,2,horiz_vel_i_comp_gain
823,8,4,15,-1,1,0.02,ccpm_lead_time
824,8,4,22,-1,1,0,ccpm_yaw_to_roll_gain
825,8,4,23,-1,1,0,ccpm_yaw_to_pitch_gain
826,8,4,23,-1,1,0,ccpm_lift_to_roll_gain
827,8,4,24,-1,1,-0.035,ccpm_lift_to_pitch_gain
835,8,4,16,0.001,2,0.01,notch_bandwidth
836,8,4,11,0.0001,1,0.1,notch_gain
849,8,4,22,0.01,500,10,horiz_vel_err_fltr_fp
850,8,4,29,0.01,500,3,horiz_vel_err_fltr_comp_gain
853,8,4,18,1,100,30,novice_max_height
854,8,4,18,5,100,30,novice_max_radius
855,8,4,16,-500,500,0,diff_press_base
867,8,4,34,0.05,0.3,0.15,g_config.mode_tripod_cfg.rc_scale
868,8,4,32,10,60,25,mode_tripod_cfg_tilt_atti_range
869,8,4,32,100,800,200,mode_tripod_cfg_tilt_gyro_range
870,8,4,41,1,150,60,g_config.mode_tripod_cfg.tors_gyro_range
871,8,4,37,0.5,10,1.5,g_config.mode_tripod_cfg.vert_vel_up
872,8,4,39,-10,-0.5,-1.5,g_config.mode_tripod_cfg.vert_vel_down
873,8,4,28,1,10,4,mode_tripod_cfg_vert_acc_up
874,8,4,30,-10,-1,-4,mode_tripod_cfg_vert_acc_down
881,8,4,14,1,250,50,CM_tors_range
882,8,4,28,0.2,1,0.8,mode_cinematic_cfg_rc_scale
883,8,4,35,10,60,31,mode_cinematic_cfg_tilt_atti_range
884,8,4,35,100,500,350,mode_cinematic_cfg_tilt_gyro_range
885,8,4,31,1,10,5,mode_cinematic_cfg_vert_vel_up
886,8,4,33,-10,-1,-3,mode_cinematic_cfg_vert_vel_down
887,8,4,31,1,10,8,mode_cinematic_cfg_vert_acc_up
888,8,4,33,-10,-1,-8,mode_cinematic_cfg_vert_acc_down
894,8,4,32,10,60,20,mode_gentle_cfg_tilt_atti_range
895,8,4,32,100,500,200,mode_gentle_cfg_tilt_gyro_range
896,8,4,32,50,300,100,mode_gentle_cfg_tors_gyro_range
897,8,4,28,1,10,2,mode_gentle_cfg_vert_vel_up
898,8,4,30,-10,-1,-2,mode_gentle_cfg_vert_vel_down
899,8,4,28,1,10,4,mode_gentle_cfg_vert_acc_up
900,8,4,30,-10,-1,-4,mode_gentle_cfg_vert_acc_down
904,8,4,34,0.2,1,0.8,g_config.mode_normal_cfg.rc_scale
905,8,4,41,10,60,31,g_config.mode_normal_cfg.tilt_atti_range
906,8,4,41,100,500,350,g_config.mode_normal_cfg.tilt_gyro_range
907,8,4,41,1,250,150,g_config.mode_normal_cfg.tors_gyro_range
908,8,4,37,1,10,5,g_config.mode_normal_cfg.vert_vel_up
909,8,4,39,-10,-1,-3,g_config.mode_normal_cfg.vert_vel_down
910,8,4,37,1,10,8,g_config.mode_normal_cfg.vert_acc_up
911,8,4,39,-10,-1,-8,g_config.mode_normal_cfg.vert_acc_down
915,8,4,33,0.2,1,1,g_config.mode_sport_cfg.rc_scale
916,8,4,31,10,60,40,mode_sport_cfg_tilt_atti_range
917,8,4,31,100,800,350,mode_sport_cfg_tilt_gyro_range
918,8,4,40,1,300,250,g_config.mode_sport_cfg.tors_gyro_range
919,8,4,27,1,10,6,mode_sport_cfg_vert_vel_up
920,8,4,29,-10,-1,-4,mode_sport_cfg_vert_vel_down
921,8,4,27,1,10,10,mode_sport_cfg_vert_acc_up
922,8,4,29,-10,-1,-10,mode_sport_cfg_vert_acc_down
938,8,4,30,10,1000,60,temp_ctl_0_temp_ctrl_t_finish
939,8,4,20,-50,200,65,temp_ctl_0_tgt_temp
950,8,4,30,10,1000,60,temp_ctl_1_temp_ctrl_t_finish
951,8,4,20,-50,200,65,temp_ctl_1_tgt_temp
962,8,4,30,10,1000,60,temp_ctl_2_temp_ctrl_t_finish
963,8,4,20,-50,200,65,temp_ctl_2_tgt_temp
965,8,4,22,0.5,10,3,waypoint_max_vert_vel
966,8,4,23,1,20,15,waypoint_max_horiz_vel
967,8,4,21,30,300,90,wp_max_auto_yaw_rate
968,8,4,22,1,5,3,wp_line_stop_mode_acc
969,8,4,22,1,5,3,wp_line_turn_mode_acc
974,8,4,18,1.5,3.5,2,wp_tgt_ref_height
976,8,4,24,-4,-0.1,-3,wp_ref_vert_ctrl_vel_up
981,8,4,15,0.01,10,0.3,wp_acc_lead_fp
982,8,4,15,0.01,10,0.25,wp_acc_lead_fz
983,8,4,16,0.01,10,0.3,wp_ref_vel_gain
987,8,4,14,0.01,1,0.52,wifi_rc_scale
988,8,4,17,1,10,2,wifi_vert_vel_up
989,8,4,19,-10,-1,-1,wifi_vert_vel_down
990,8,4,21,1,15,4,wifi_gohome_idle_vel
991,8,4,11,0.01,1,1,tilt_scale
992,8,4,14,0.01,1,1,torsion_scale
993,8,4,15,0.01,1,1,throttle_scale
1002,8,4,13,-5000,10000,0,waypoint_alt
1005,8,4,13,-50,50,0,imu_bias_w_0
1006,8,4,13,-50,50,0,imu_bias_w_1
1007,8,4,13,-50,50,0,imu_bias_w_2
1014,8,4,18,1,40,14.5,mass_est_net_mass
1019,8,4,22,0.01,30,2,dancing_circle_radius
1020,8,4,30,0.01,30,0.6,dancing_circle_horiz_idle_vel
1037,8,4,27,-999.900024,999.900024,0,sim_rtk_gps_horiz_offset_0
1038,8,4,27,-999.900024,999.900024,0,sim_rtk_gps_horiz_offset_1
1039,8,4,24,-999.900024,999.900024,0,sim_rtk_gps_vert_offset
1041,8,4,19,-1000,1000,30,sim_wall_pillarA_0
1042,8,4,19,-1000,1000,-5,sim_wall_pillarA_1
1043,8,4,19,-1000,1000,30,sim_wall_pillarB_0
1044,8,4,19,-1000,1000,5,sim_wall_pillarB_1
1045,8,4,16,-1000,1000,60,sim_wall_height
1064,8,4,20,-10000,10000,0,general_debug_var_0
1065,8,4,20,-10000,10000,0,general_debug_var_1
1066,8,4,20,-10000,10000,0,general_debug_var_2
1067,8,4,20,-10000,10000,0,general_debug_var_3
1092,8,4,24,0.2,1,0.7,prop_cover_cfg.rc_scale
1093,8,4,31,10,60,20,prop_cover_cfg.tilt_atti_range
1094,8,4,31,100,500,150,prop_cover_cfg.tilt_gyro_range
1095,8,4,31,30,250,90,prop_cover_cfg.tors_gyro_range
1096,8,4,27,1,10,3,prop_cover_cfg.vert_vel_up
1097,8,4,29,-10,-1,-2,prop_cover_cfg.vert_vel_down
1098,8,4,27,1,10,3,prop_cover_cfg.vert_acc_up
1099,8,4,29,-10,-1,-3,prop_cover_cfg.vert_acc_down
1111,8,4,30,1,10,5,plant_gain_adjust_vert_vel_up
1112,8,4,32,-10,-1,-3,plant_gain_adjust_vert_vel_down
1113,8,4,34,30,250,150,plant_gain_adjust_tors_gyro_range
1213,8,4,29,0.51,1,1,pro_rc_max_percentage_pulley
1217,8,4,10,1,5,1.5,idle_time
1225,8,4,32,10,800,150,mode_manual_cfg_tilt_gyro_range
1226,8,4,32,10,500,150,mode_manual_cfg_tors_gyro_range
1230,8,4,10,5,10,5,min_fence
1231,8,4,13,10,165,30,fence_buffer
1232,8,4,20,-10,0,-1,auto_landing_vel_L1
1233,8,4,20,-10,0,-3,auto_landing_vel_L2
1236,8,4,18,-10,0,-0.3,smart_landing_vel
1238,8,4,20,0.5,4,2,exit_landing_height
1250,8,4,16,1,15,10,gohome_idle_vel
1254,8,4,25,3,20,5,close_go_home_min_radius
1258,8,4,22,10,80,20,cur_height_gohome_dis
1262,8,4,22,0.01,10,1,go_home_finish_radius
1264,8,4,17,0.5,15,10,wp2_tang_vel_max
1271,8,4,26,1,5,2,wp2_terrain_follow_height
1289,8,4,26,-5,0,-0.7,jumping_down_max_velocity
1291,8,4,17,-10,0,-1,jumping_acc_down
1292,8,4,22,0.3,5,0.75,jumping_vert_pos_edge
216,8,4,19,0.1,0.8,0.55,avoid_cfg_rc_scale
277,8,4,16,0.1,10,0.8,vel_smooth_time
313,8,4,25,0.1,4,0.7,g_config.farm.flow_speed
314,8,4,29,0.1,0.62,0.45,g_config.farm.flow_speed_max
315,8,4,29,0.1,0.62,0.32,g_config.farm.flow_speed_min
317,8,4,32,0.1,10,1,g_config.farm.flow_speed_per_mu
479,8,4,28,0.1,1,0.8,sport_break_atti_limit_gain
550,8,4,11,0.1,999.900024,1,super_hdop
551,8,4,10,0.1,999.900024,2,good_hdop
552,8,4,9,0.1,999.900024,2.8,fix_hdop
553,8,4,10,0.1,999.900024,6,weak_hdop
554,8,4,9,0.1,999.900024,999.900024,bad_hdop
555,8,4,10,0.1,999.900024,999.900024,null_hdop
556,8,4,11,0.1,999.900024,1.5,super_vdop
557,8,4,10,0.1,999.900024,2.5,good_vdop
558,8,4,9,0.1,999.900024,3.3,fix_vdop
559,8,4,10,0.1,999.900024,6.5,weak_vdop
560,8,4,9,0.1,999.900024,999.900024,bad_vdop
561,8,4,10,0.1,999.900024,999.900024,null_vdop
562,8,4,11,0.1,999.900024,1,super_vacc
563,8,4,10,0.1,999.900024,2,good_vacc
564,8,4,9,0.1,999.900024,3,fix_vacc
565,8,4,10,0.1,999.900024,5,weak_vacc
566,8,4,9,0.1,999.900024,999.900024,bad_vacc
567,8,4,10,0.1,999.900024,999.900024,null_vacc
577,8,4,19,0.1,1,0.6,soar_rc_scale_down
592,8,4,9,0.1,5,0.7,pos_gain
593,8,4,9,0.1,5,0.15,vel_gain
646,8,4,23,0.1,10,0.68,baro_cfg_pos_baro_gain
647,8,4,23,0.1,10,0.62,baro_cfg_vel_baro_gain
648,8,4,23,0.1,1,0.998,baro_cfg_acc_baro_gain
649,8,4,30,0.1,10,0.1,baro_cfg_acc_bias_baro_p_gain
785,8,4,18,0.1,150,9,horiz_pos_comp_fc
786,8,4,20,0.1,150,1.2,horiz_pos_comp_gain
791,8,4,18,0.1,150,1.5,horiz_vel_comp_fc
792,8,4,20,0.1,150,1.5,horiz_vel_comp_gain
803,8,4,17,0.1,150,4,vert_acc_comp_fc
804,8,4,19,0.1,150,0.5,vert_acc_comp_gain
834,8,4,9,0.1,200,100,notch_fn
875,8,4,35,0.1,0.9,0.4,mode_tripod_cfg_tilt_exp_mid_point
876,8,4,35,0.1,0.9,0.4,mode_tripod_cfg_tors_exp_mid_point
877,8,4,35,0.1,0.9,0.4,mode_tripod_cfg_lift_exp_mid_point
889,8,4,38,0.1,0.9,0.4,mode_cinematic_cfg_tilt_exp_mid_point
890,8,4,38,0.1,0.9,0.4,mode_cinematic_cfg_tors_exp_mid_point
891,8,4,38,0.1,0.9,0.4,mode_cinematic_cfg_lift_exp_mid_point
893,8,4,25,0.1,1,0.14,mode_gentle_cfg_rc_scale
901,8,4,44,0.1,0.9,0.4,g_config.mode_gentle_cfg.tilt_exp_mid_point
902,8,4,44,0.1,0.9,0.4,g_config.mode_gentle_cfg.tors_exp_mid_point
903,8,4,44,0.1,0.9,0.4,g_config.mode_gentle_cfg.lift_exp_mid_point
912,8,4,44,0.1,0.9,0.4,g_config.mode_normal_cfg.tilt_exp_mid_point
913,8,4,44,0.1,0.9,0.4,g_config.mode_normal_cfg.tors_exp_mid_point
914,8,4,44,0.1,0.9,0.4,g_config.mode_normal_cfg.lift_exp_mid_point
923,8,4,43,0.1,0.9,0.5,g_config.mode_sport_cfg.tilt_exp_mid_point
924,8,4,43,0.1,0.9,0.5,g_config.mode_sport_cfg.tors_exp_mid_point
925,8,4,43,0.1,0.9,0.5,g_config.mode_sport_cfg.lift_exp_mid_point
975,8,4,19,0.1,10,2.5,wp_ref_h_ctrl_gain
977,8,4,26,0.1,3,0.5,wp_ref_vert_ctrl_vel_down
979,8,4,15,0.1,100,0.3,wp_acc_comp_fp
980,8,4,15,0.1,100,1.5,wp_acc_comp_fz
1015,8,4,19,0.1,100,0.7,mass_est_cali_coef
1100,8,4,34,0.1,0.9,0.2,prop_cover_cfg.tilt_exp_mid_point
1101,8,4,34,0.1,0.9,0.2,prop_cover_cfg.tors_exp_mid_point
1102,8,4,34,0.1,0.9,0.2,prop_cover_cfg.lift_exp_mid_point
1108,8,4,26,0.1,30,5,plant_gain_detect_sin_amp
1110,8,4,22,0.1,100,3,plant_gain_adjust_max
1214,8,4,29,0.1,0.5,0.2,pro_rc_min_percentage_pulley
1220,8,4,18,0.1,5,1,sequence_start_dt
1221,8,4,37,0.1,100,1.2,g_config.takeoff.auto_takeoff_height
1222,8,4,34,0.1,3,0.5,g_config.takeoff.auto_takeoff_vel
1227,8,4,35,0.1,0.9,0.5,mode_manual_cfg_tilt_exp_mid_point
1228,8,4,35,0.1,0.9,0.5,mode_manual_cfg_tors_exp_mid_point
1229,8,4,35,0.1,0.9,0.5,mode_manual_cfg_lift_exp_mid_point
1263,8,4,16,0.1,5,3,wp2_vel_z_limit
1265,8,4,17,0.1,5,3,wp2_tang_acc_max
1266,8,4,22,0.1,5,1.5,wp2_tang_acc_max_curv
1267,8,4,20,0.1,10,2,wp2_tang_jerk_max_1
1268,8,4,20,0.1,10,0.5,wp2_tang_jerk_max_2
1269,8,4,17,0.1,15,4,wp2_orth_acc_max
1270,8,4,18,0.1,50,10,wp2_orth_jerk_max
